{
  "CustomLocations": [
    {
      "Name": "Unknown",
      "Pitch": -0.000000,
      "Roll": 0.000000,
      "X": 2510.971191,
      "Y": -237.308319,
      "Yaw": -1.637586,
      "Z": -72.037170
    }
  ]
}